"","Alabama","Alaska","Arizona","Arkansas","California","Colorado","Connecticut","Delaware","District of Columbia","Florida","Georgia","Hawaii","Idaho","Illinois","Indiana","Iowa","Kansas","Kentucky","Louisiana","Maine","Maryland","Massachusetts","Michigan","Minnesota","Mississippi","Missouri","Montana","Nebraska","Nevada","New Hampshire","New Jersey","New Mexico","New York","North Carolina","North Dakota","Ohio","Oklahoma","Oregon","Pennsylvania","Rhode Island","South Carolina","South Dakota","Tennessee","Texas","Utah","Vermont","Virginia","Washington","West Virginia","Wisconsin","Wyoming","Statewide"
"2009|10",33676,22619,95077,38723,624077,27002,8399,4317,18066,270562,45007,19086,17748,161084,108390,62179,67054,45774,45450,21984,74421,82293,174593,50522,26194,60411,15148,46793,63261,4782,82535,25199,284316,64759,11028,89963,127803,103007,179583,15022,36036,12218,49631,215491,21105,7708,42837,119006,36169,64393,6961,3929462
"2009|11",33482,22727,92329,39413,597547,26826,8841,4068,17743,257037,44728,18262,16773,162680,109281,64576,65346,44974,43509,21432,71224,80645,178977,47905,26035,61963,15338,46562,62108,4490,79447,23584,279481,65447,10630,85884,125051,101863,175319,14672,34371,11797,46890,220347,20920,7308,41021,116328,35415,63263,6711,3852570
"2009|12",36758,24527,94911,41552,605364,28123,10072,4047,17990,258450,46218,18895,17714,177910,120795,68821,67571,45927,44787,21612,72582,84335,195839,47313,28299,70174,16248,49066,66649,4756,79578,24375,292457,70536,10787,86287,128686,107194,183134,14875,34883,12277,47967,234066,21591,7041,41223,120576,36837,65836,7224,4014735
"2010|01",39166,25438,96361,42613,601325,29018,10968,4049,17689,257424,46764,19644,17868,187841,127723,72494,71688,46463,45256,22074,73641,86345,205082,48287,30868,79027,17424,52350,68471,4827,79743,25378,301153,74520,10815,85596,130510,109255,188978,15785,34520,12801,49975,246676,22909,7200,40769,123112,37389,65729,7538,4118539
"2010|02",37107,23693,89863,38654,539268,28161,11039,4000,16003,233664,42343,18431,15790,181019,117919,69793,67237,41271,42805,20199,67017,79147,194877,45391,29752,80087,16138,49760,63634,4376,73163,23360,279272,71544,9552,78231,118369,100852,176258,14567,30365,12006,45110,235108,20640,6558,36506,113295,33876,60148,6684,3813902
"2010|03",42984,28295,103554,43095,590961,34690,13539,4586,18013,258552,48390,20561,17163,213223,136012,82554,78129,46055,49123,22773,74599,90027,225715,52900,35873,97913,18756,57691,74222,4750,81835,26052,315337,85337,11107,89144,132842,116205,200387,15964,33578,14262,50604,274632,23119,7416,40032,130471,37764,67279,7229,4345294
"2010|04",40882,27915,101531,41608,565802,34222,13729,4385,18075,249636,47291,20161,16621,211150,133903,81083,75782,44830,47686,21717,71015,89426,221677,52711,36233,97437,18232,57108,72830,4704,79524,24608,306444,84217,10772,86644,127554,117091,196710,15536,32184,14987,46930,272876,23715,7531,39201,128807,36093,66052,6847,4243705
"2010|05",41168,28987,103993,42887,574082,34242,14342,4402,18623,258684,46533,20728,16812,217431,138755,82446,77878,46548,48059,21847,71500,91917,225531,54751,38271,98648,18773,57857,73239,4727,80986,24854,311515,84227,11436,88480,129274,121193,203597,16308,32368,15499,46191,284199,25278,7549,40673,132556,36501,67585,6974,4340904
"2010|06",40130,28574,100690,41280,548929,33355,15127,4445,17800,255575,43045,19439,16423,211739,136802,79284,77013,45680,47348,20771,68858,88428,219470,53197,38039,96053,18769,55476,71389,4479,77459,24354,296087,82470,10945,84884,122459,118047,201150,15829,30699,15191,46777,282640,25128,7323,39489,127204,35489,65129,7050,4213410
"2010|07",41566,29158,105173,43144,560875,35193,16941,4960,18284,266802,43436,19295,17357,220764,143753,83025,80769,46695,47986,22107,70676,92084,227705,56638,40988,102335,19662,57443,74042,4224,79430,25266,301016,85668,10772,87449,122403,125980,211556,16357,31676,15462,50614,299971,26944,7438,40426,131732,36328,68273,7710,4375551
"2010|08",42410,29629,105957,43905,556807,35424,18525,5268,18159,271572,42156,18347,17191,223941,147028,86185,85598,46794,48070,22531,70590,94191,231808,56787,42121,108599,20601,60356,75411,4074,79054,24483,299200,86683,10814,89174,123494,129945,216219,16777,31197,15247,53573,311149,28303,7552,38804,133480,36364,69422,8266,4439235
"2010|09",40253,28146,105095,42636,533541,34369,19718,5268,17598,269115,39390,17749,16596,221635,143171,84905,85158,46240,47404,21758,69413,92846,225812,54027,41358,109368,21091,61234,75116,3987,76494,22974,290278,85326,9979,86370,117502,131267,215564,16317,29692,14951,51954,314807,28764,7327,36030,132451,35503,67489,8263,4353299
"2010|10",40483,28828,110844,45331,549393,34638,22478,4869,17979,280441,39681,17865,16936,229629,148758,88314,85970,46501,48722,22000,71367,94984,228792,55282,42678,113722,21972,63228,77724,4214,78848,23443,297270,87155,9215,87408,119672,136977,217116,17089,29970,15327,50793,331417,29952,7425,36230,137355,37016,69285,8581,4481167
"2010|11",38024,27609,106017,43669,531197,31577,23952,4657,17269,268954,38981,17130,15726,219878,142733,83384,79221,41768,45216,20385,68937,92043,216958,52091,39259,108451,20679,60490,73081,4200,74062,22466,283324,81362,7961,83749,114843,132658,194635,16155,27009,14323,45850,317589,28803,7151,33302,130918,36272,66846,8057,4260871
"2010|12",38948,28381,108263,45130,545701,30789,26975,4466,17674,271287,40475,17392,15677,225600,148992,81970,78573,39992,45344,20336,71338,94278,218704,51444,39051,108970,21112,61793,74103,4326,74430,22507,285029,81891,8033,85115,117256,137245,186180,16643,25946,14116,46773,316472,29022,7560,32602,132644,36974,68590,8157,4310269
"2011|01",39101,28586,110340,45919,546725,30717,29488,4297,17636,270092,40377,17014,14481,227169,150196,80608,78931,37537,45419,20094,72206,93705,218452,51078,39044,110045,20654,62101,73234,4359,75241,22339,281571,82545,8393,86001,116341,135515,169918,16452,25250,13745,47927,319026,28030,7266,31905,131537,37157,68986,8035,4292785
"2011|02",35996,26561,101544,42320,495703,27479,28678,3938,15965,244565,36027,15239,13175,207960,133081,71748,70012,33071,42558,17925,66727,83421,197654,48026,35599,101703,18961,56200,66608,3851,68111,20212,253029,75215,7343,77664,104434,121485,140095,14782,22393,12627,44541,289897,25006,6350,28135,119131,34742,62352,7198,3877037
"2011|03",40425,30373,113726,47975,552084,30166,34358,4663,17411,275073,40554,17022,14364,234727,147567,79346,76559,36207,49070,19128,75721,93162,218048,54972,41071,117229,21415,61687,74372,4331,75312,22395,278469,84659,7896,86841,117094,133356,140200,16060,24880,14031,52829,325055,27563,7173,30581,133325,40792,69181,8171,4318669
"2011|04",38787,29657,108679,46413,537292,29174,35269,4579,16674,271496,39341,16592,13760,228705,141465,76230,73935,34372,47563,17628,73987,90759,209313,52725,39142,114758,20693,60566,71773,4263,71557,21251,266106,80965,7863,84276,113763,129385,126183,15344,24164,13601,52246,317434,25759,6941,29738,128174,39866,68221,7787,4176214
"2011|05",39137,30225,111924,47893,559942,29858,36615,4701,17141,282386,39695,16609,13728,233216,143648,77066,76265,34675,48211,18140,74360,92601,214957,52831,40006,116304,21178,63014,72255,4398,72546,21268,272227,80224,7804,86484,116645,134867,127325,15530,23923,14243,52587,327558,25516,7112,30504,131092,41215,70775,8089,4280513
"2011|06",39000,28791,107449,45775,548644,29543,34958,4606,16617,274510,37622,15574,13806,222032,140485,76112,74215,33002,47115,17679,69725,91032,206574,51057,38736,114344,20879,61598,69806,4254,69434,21028,261097,76777,7372,83792,113150,132464,121328,14844,22978,13131,53667,323542,24428,7043,28659,126543,40593,68339,7802,4153551
"2011|07",40091,29844,111840,47613,576479,31087,36178,4982,16953,284793,40300,15932,14823,226304,147303,78430,76949,31725,48333,17912,69147,96727,211632,53260,40202,121268,21782,63219,72309,4359,70949,21718,267813,80145,7477,87979,118234,138175,124998,15037,22842,13053,56560,338751,24894,7720,29357,132142,42140,70677,7417,4309854
"2011|08",39932,30958,113299,48081,583549,31171,36042,5215,16916,291231,42480,15877,14757,228225,150268,81051,79076,29736,49329,17572,67653,98823,211534,53626,42288,127071,23384,65127,73166,4390,71371,22361,268544,81986,7699,88907,120707,139160,124403,14678,23305,13779,62847,345675,25802,7858,28487,134224,43193,71278,7264,4375355
"2011|09",37026,30599,112446,46431,573701,30526,34376,5217,16075,286673,42958,15414,14131,223877,145434,81406,78782,27580,48583,16691,64317,98665,207633,53291,41347,125245,23589,64376,72262,4457,69166,21288,260802,81663,7910,86853,115378,135299,120167,14201,22150,13978,65235,338161,26665,8110,26850,132759,41959,70042,7106,4288850
"2011|10",36550,31235,118688,47719,601309,31979,35610,5355,16458,297247,44679,16363,14625,229381,149836,84732,81340,27897,49216,17037,65801,99713,212687,56079,42289,128774,24062,66684,73661,4715,70750,21088,265927,80507,8008,90170,116656,138129,124662,14600,22748,14029,67719,350523,27293,8585,26999,139052,43023,74968,7275,4424432
"2011|11",34242,29137,113876,46083,584768,30799,34366,5287,15914,286124,41892,15960,13765,218020,144152,79934,75927,24870,46973,16071,62541,95679,201580,52201,39444,122449,22680,63992,68811,4347,67043,20115,253040,73454,7223,86456,111995,133813,120303,14042,19805,13025,63949,333523,26015,8470,25174,134270,40141,72380,7288,4223408
"2011|12",33682,29064,118079,47321,601998,30889,36052,5596,15838,287773,42821,16307,13445,221702,149068,80577,75228,21508,47497,16267,63131,97071,203679,52130,40415,124998,22864,65381,68122,4498,68434,20693,255771,72415,7029,87347,111063,138073,123357,14297,19012,13222,65314,333270,26311,8364,24686,136504,39938,75372,7400,4280873
"2012|01",32966,28981,119735,46936,609895,30557,36394,5616,15603,287557,43701,16526,13465,220298,149805,81531,75770,18644,47433,16469,62586,95651,199273,51778,40494,124001,22724,66183,66951,4274,69781,21341,253321,70940,7078,87123,106567,137129,123463,14648,18150,12628,66463,335057,25166,7975,24278,134081,38981,75295,7125,4268387
"2012|02",30056,27433,116593,44216,577416,28883,35134,5263,14446,273878,42280,15479,12486,207743,140659,77257,71394,16156,44120,16164,58135,88032,184508,49171,39670,118039,21534,61971,64171,3864,66371,19346,237596,67581,6784,80912,101410,128900,116505,14011,16974,11641,64310,313741,24615,7372,22139,127338,36202,71295,7124,4028318
"2012|03",31730,30276,129893,47638,626576,32460,38821,5710,15370,297060,46716,16721,13221,225374,153680,84412,77403,16997,46617,17965,62774,93268,199337,54054,44284,133407,24216,66815,70169,4085,72084,20892,254669,74834,7722,88224,112750,138834,124281,15125,18040,12672,71137,338108,27640,7949,22374,137796,38317,76766,7798,4375061
"2012|04",30531,29988,131456,45821,611775,31355,37866,5522,14813,290418,45567,16125,13310,217018,152028,81817,75871,16360,44768,17483,60554,89627,191713,53239,43430,131788,24263,65942,67683,3979,69518,20539,245710,72842,7470,84579,111692,134784,120713,14605,16881,12278,67093,327169,27736,7831,21599,134755,37384,74733,7604,4259625
"2012|05",31294,31244,138657,46394,637088,31131,38883,5336,15391,297640,46292,16810,13698,221084,157842,83430,78501,16044,45565,18230,61577,91245,193593,55332,44839,134240,25174,67363,69479,4238,72294,20910,250579,70904,7353,85821,118288,139799,122600,15050,16665,12815,66882,333818,28750,8208,21820,138442,38429,76649,7914,4371624
"2012|06",30697,30649,138172,44131,622249,29776,37381,4784,14750,284860,44508,16314,13151,211497,153938,80460,76206,14888,44686,17783,59606,88350,186379,55041,43779,129796,24735,65391,67017,4279,70690,20282,238702,67835,7145,81921,118485,134720,118886,14707,14863,12561,67937,326739,28868,8091,21372,133999,36781,73636,7519,4240992
"2012|07",32400,30976,147325,44805,648829,30994,38591,4947,14818,294037,46114,16711,13668,216628,163276,82438,77585,15342,45804,19372,61361,94378,193260,59240,44836,137557,27361,67160,69937,4642,73611,21060,246225,70828,7050,85291,125943,139409,123292,15196,14773,13001,72274,341090,31764,8822,22488,138805,37860,75769,7691,4416634
"2012|08",33333,31625,152949,44965,650956,32117,38821,5195,14526,293659,45533,16654,13374,216763,168762,85833,81028,15527,47525,19644,63426,98899,194709,60862,46067,144618,28268,68462,71469,4690,74689,21632,246856,73268,7559,86903,130535,139444,125100,15453,15328,13909,76162,347992,32736,9727,23514,140397,38858,75879,7993,4494193
"2012|09",31223,31643,155461,43108,630045,31915,37273,4868,13596,286181,44122,15895,12952,212269,166930,86078,78689,14862,46252,18792,63581,99214,191042,60469,44994,145002,28451,65455,71543,5108,73161,21147,237835,75114,7878,85300,127372,133479,123695,14912,15231,13543,74271,341511,31577,9656,23464,137556,38594,73730,8305,4404344
"2012|10",30655,32636,165266,43701,652332,32565,37881,4901,14348,296799,44901,16024,13381,218289,173828,88273,80907,14779,47613,19478,65530,102504,194575,61040,45832,149505,30039,65323,73943,5688,75472,21890,241442,77569,8057,87038,133070,137966,128937,15844,16106,13479,74421,347868,32317,10095,23512,140638,39716,75952,8649,4532574
"2012|11",29130,30510,158794,42474,629284,31419,35757,4342,13997,282357,42123,15712,12826,209391,166126,84647,77707,13899,46268,19097,61443,97593,183702,58832,43359,140182,29021,61588,70288,5409,72901,21058,228357,73850,7207,84054,130176,133400,125273,15368,15577,12872,67564,325054,30714,9734,22200,134656,37668,72552,8228,4325740
"2012|12",28539,30467,163911,42174,644743,32340,36947,4020,13931,285067,42402,15995,13161,215173,170818,86430,78436,13329,47661,19983,60810,97866,186198,60382,44794,140722,30045,62489,72013,5594,74425,22099,228461,75008,7341,85331,133846,136882,127651,15814,15593,13256,68684,325084,30033,9556,22217,138771,38763,74050,8756,4398061
"2013|01",27595,30240,164872,40993,644566,33003,36380,3811,13916,284418,43471,15650,12868,214942,171826,86536,79210,13263,47939,20706,59738,94852,185315,59672,45334,142155,31367,63907,71778,5734,75299,22470,224874,75851,7477,84939,134532,135238,126761,15972,15133,13212,69391,325755,29105,9195,21891,137886,37629,73382,8942,4390991
"2013|02",24773,27869,151309,36034,582231,29497,32963,3526,12920,257119,39725,14349,12102,195021,156625,77589,71921,12026,44820,19055,54090,84780,166954,54827,40276,128610,29774,57591,65920,5332,68870,20523,201749,68777,6577,77349,123146,121558,113472,14195,13426,11786,63905,296703,27530,8394,19184,125496,33310,66299,8348,3980225
"2013|03",27806,32089,169541,38772,645800,32984,37866,3977,14410,283451,44617,16370,13748,219820,177620,87314,82112,13703,50797,21769,59436,94036,186063,62861,44970,144964,33917,62426,75426,6357,76504,22989,221871,78320,7973,86828,139789,131869,125022,15840,14831,13800,75092,331077,31905,9729,20872,142556,38194,74539,9111,4453733
"2013|04",27410,31352,167624,37925,625098,31706,36581,4246,13841,271307,42537,16114,13240,212791,174213,85013,80310,14165,49821,21110,57164,91236,178874,61907,42705,138821,33499,59966,74415,6648,73067,22247,210950,76075,8421,82952,138981,125941,120767,15281,14247,13394,71666,320213,33167,9591,20264,140045,37192,72305,8693,4317098
"2013|05",27994,31496,175604,39878,645422,33173,37529,4463,14205,274978,42014,17101,13425,217072,179765,88030,82920,15411,52196,22085,59017,91960,181660,64475,42565,139954,34548,61469,75450,7447,75418,22322,213865,77466,8712,84261,147351,127182,125615,15938,14619,13417,71793,326674,34301,10171,21196,144123,37269,75838,9254,4430091
"2013|06",27836,30548,170909,39017,631203,33454,37015,4350,13473,257096,41133,16498,12854,209827,174667,87296,81001,14943,50084,21968,56769,88191,174602,62958,41016,133980,33538,59255,72411,7737,73418,21441,204261,77517,8730,82756,145826,120410,123414,15871,13804,12949,71039,318439,33103,10026,20112,139801,35630,74523,9278,4297977
"2013|07",27642,32815,178292,40691,659328,36298,39049,4383,13659,259266,43697,16913,13886,217750,182269,90313,83646,14082,50599,23466,58026,93550,179471,66439,43208,141291,35374,61502,73575,9137,75564,22546,209275,82950,9217,88342,152658,124071,128652,16353,14129,13330,77074,335693,34564,10793,21306,146153,37868,78135,9992,4478282
"2013|08",28396,33956,181388,40134,663557,37787,39746,4558,13557,259046,43009,16356,14153,221863,185899,93204,83642,13385,49685,24077,58755,97808,183761,69380,44834,150484,36157,63557,74030,9874,76364,23574,208300,84607,9717,89875,155529,123988,131305,16215,14839,13300,83180,343092,35753,10808,22129,149527,38669,79985,10498,4557292
"2013|09",27161,33930,178971,38841,648059,37520,39598,4562,13420,254030,42041,15914,14086,218661,184583,92924,81796,13534,48450,23966,57780,99516,183110,69831,45629,152051,34915,60945,71958,10122,75069,23039,202887,84222,9086,89406,152432,118479,128872,16008,14608,12156,82493,336101,35396,10578,21672,149138,37350,79921,10823,4487640
"2013|10",27218,35624,187732,39111,677691,38414,42014,4566,13892,264624,42387,16731,14997,225161,190823,95750,84927,14508,51511,24968,59352,102983,187721,73073,48763,156242,36254,62499,72633,10401,77674,24154,207902,87714,9055,93755,159474,120402,135190,16771,14993,11882,83689,345917,35336,10944,22070,155075,38400,83060,10304,4646331
"2013|11",26362,33926,182726,37293,661680,36594,41076,4066,13149,257107,39876,16395,14663,214966,181440,91798,80653,13906,50307,24253,55282,98889,178473,70198,46793,146314,34667,58763,68823,10023,75283,23456,197977,83344,8590,90737,156264,115530,131715,16671,15009,10943,77462,326463,33411,10468,21082,149270,36290,80676,9506,4460608
"2013|12",26859,33000,188468,37271,684859,38201,42348,3992,12771,262707,41543,16904,15140,220037,187523,92991,81206,13276,52738,24828,55398,102838,182164,73101,47422,148680,36127,60979,68950,10057,76235,24018,200108,85114,9070,91108,162052,117293,135999,17795,15302,11023,78461,325942,33520,10751,21174,153957,36609,82345,10356,4560610
"2014|01",27078,33348,191604,37165,692760,37716,43272,3970,12273,263852,43418,16802,14784,221144,190065,93818,81540,13067,54175,24999,54787,104388,183031,74143,47569,151089,36979,62217,68172,9469,76622,24213,198687,84536,9455,89971,164411,114594,137255,18192,14654,10938,80384,326086,33546,10878,20531,154228,36299,81881,11045,4587100
"2014|02",24304,30579,176308,33554,633117,34417,40287,3297,10977,241819,41116,14948,13538,201155,172583,84964,74476,12719,49745,22947,49230,96014,166668,68085,44868,138173,35049,55312,61205,8805,70248,21384,178510,78474,8421,80994,151987,102926,125752,16500,13216,9886,74142,294505,31008,10054,18291,141182,32560,74253,10294,4184846
"2014|03",27005,34340,202230,37585,706650,40656,46229,3590,12404,271744,47826,16951,14820,226324,194128,93962,84572,14681,56419,25537,54957,109729,186323,78860,52521,157381,39855,60250,67278,10026,79159,24320,197112,90251,8917,89477,172577,112191,141830,18513,15036,11043,82446,328406,35032,11405,19637,157423,36456,82806,11485,4700355
"2014|04",24930,33461,202105,35498,683983,40437,45404,3685,11859,267326,47771,16718,14220,220643,191700,90259,82070,14810,55047,24747,52614,109854,180333,77650,52069,153098,39186,58009,64915,9811,78530,23912,188773,87857,8310,84645,170202,106367,138793,18250,14593,10867,79038,316738,34204,11391,19093,153037,35306,81334,11214,4576666
"2014|05",25305,34878,214144,34633,697771,41329,47158,3925,12350,279355,49334,17632,14443,225785,199279,89060,83966,15281,56819,25426,53598,115285,185262,79965,54914,153803,40133,58771,64073,9749,81467,24716,192290,88726,8625,86239,176900,107081,144370,19486,14772,11481,78806,323476,34975,11712,19554,156707,35528,83985,11326,4695648
"2014|06",25967,34181,211097,33207,673593,39313,46717,3442,11886,270765,49008,16991,13864,216245,196746,85185,83129,14861,54693,24959,50932,113352,182087,79541,53324,148535,38892,56208,62080,9265,78547,24307,183371,86779,8294,84359,173567,103178,141590,19198,14499,11058,77581,318864,33647,11357,19400,152123,34105,81435,11136,4568460
"2014|07",27060,36104,221233,33959,696209,41128,49427,3267,12218,278303,50850,17358,14194,223208,208114,87095,86309,16049,55641,25987,51902,120679,192089,83635,55708,156018,39866,57709,65148,9583,80621,25368,188600,92680,9155,88526,180562,106266,148261,19373,14897,11526,81184,335087,35636,12139,20499,157906,35766,85222,11940,4757264
"2014|08",27446,37423,224382,33737,691934,42657,49946,3149,12346,280248,53547,17659,13918,225672,215234,89480,90197,15061,56496,26545,51458,125259,196294,85054,56009,164149,39919,59341,66339,9958,81402,25763,190663,97862,9870,90981,181717,107206,150477,19882,15101,12383,85753,343607,36946,13157,20782,159314,36412,85802,12138,4838075
"2014|09",26920,37443,221446,31820,669888,42776,48305,3293,11709,273775,53857,17348,13215,223873,214892,87217,88259,14672,54699,26120,50401,124131,192954,84027,55779,164527,39676,57528,64951,10396,79459,24579,187273,99543,9903,89732,176177,103497,146636,19774,15147,11856,84907,339816,37504,13445,19746,156230,34536,84067,11633,4751357
"2014|10",28663,40116,232295,30967,690320,44550,50094,3333,11951,283861,56227,18054,13886,234060,225825,89283,91166,15372,57504,26915,51585,128780,194711,87642,58711,168234,41363,59907,66477,10456,83051,25772,193230,104350,9963,93388,181210,104611,153226,20347,15390,12118,87105,351930,37721,14401,19996,160466,34829,87546,12488,4915446
"2014|11",27451,39036,226212,30166,660759,42671,48142,2975,11680,274131,54412,17796,13513,222707,219650,84074,87274,14642,55301,25331,49017,124205,183886,83437,55758,157838,40044,56459,62657,9778,79977,25137,187344,100127,9514,90169,174022,100000,148982,19489,14522,11517,81738,334888,34929,14046,18941,154297,32805,85693,12534,4711673
"2014|12",28889,40133,233536,30539,671282,42485,48842,2972,11638,281967,57506,17806,14014,225530,228530,82360,89272,14142,57877,25820,48912,126593,187355,86559,58976,158969,40832,57341,63093,10359,80770,25160,192327,102652,9432,91392,178248,101648,152913,19927,15229,12491,83747,335880,34624,14037,19177,158288,32772,88219,13168,4806230
"2015|01",28891,41088,236008,29390,668414,42139,49574,2995,11218,287005,59412,17547,13958,223912,234330,81562,89450,14239,59228,26024,48483,126085,184319,90517,61062,160274,40937,58083,63185,10285,79502,24390,194956,103207,9446,90688,178752,100900,154566,20017,15555,13209,86335,340066,34056,13734,19428,157212,32687,87865,12918,4829103
"2015|02",25235,37923,215594,27403,601004,38401,45082,2756,10159,266052,55684,16033,12632,203135,218240,74142,80218,14010,54862,23338,44203,114539,162280,85914,56096,147836,37930,53134,56776,9189,71849,21991,177465,94763,8562,81959,160250,90466,141229,18375,14269,11756,81181,309033,30226,12950,18379,142283,30344,80824,11627,4399581
"2015|03",27638,43260,241060,31438,662655,42301,50183,3107,11214,302448,65370,17989,14008,228561,251358,83593,89620,15880,62991,26045,49315,127845,178507,100999,63604,168060,43665,58959,63419,9987,79889,24203,198037,107781,9677,91177,176865,100961,159410,20299,15753,12864,95749,341798,32994,14501,20920,156374,35393,92101,13560,4935385
"2015|04",26843,42220,236041,31397,636868,41280,48713,2715,10713,297504,66622,17593,13604,223022,248106,81224,87246,16315,62262,24970,46890,125592,170994,101847,61741,161765,43498,56880,61464,10052,77708,22561,192754,105381,9250,87679,169381,98901,156707,19529,15590,12844,93351,330182,32411,14042,20302,151252,34652,90344,13399,4804201
"2015|05",27262,44208,243017,32938,646823,41119,50312,2856,11106,310146,71889,18033,14118,228170,255328,83334,90029,17271,65075,25710,47905,129059,174032,108606,64008,161859,45787,58105,61767,10406,81175,22725,198178,108290,8648,90223,174514,101065,163086,20359,16194,12771,97739,333498,32843,14956,21146,154585,35794,92974,13255,4934296
"2015|06",26835,43892,235780,32812,623567,39507,48665,3134,10732,301991,73699,17400,13727,218561,252287,81838,89410,17672,62726,24777,46362,123786,168484,106936,62123,154277,45901,56665,59117,10119,78689,22588,193135,107193,8660,86917,168595,97737,160260,20006,16860,11952,100163,323498,31240,14551,20721,148867,35308,90981,12957,4803660
"2015|07",27708,46632,248238,34388,644185,40712,50818,3375,11133,313817,80071,18121,13932,225099,267942,85351,94579,18161,66150,26147,47769,130129,173776,112183,65032,161084,48510,59805,62151,11012,80828,24442,202072,114024,9219,92045,172455,102985,168747,20926,17557,12520,107056,339081,32881,15219,21940,154841,37562,94787,13645,5022842
"2015|08",28651,48623,252411,34634,641726,41110,52656,3538,11020,320312,86613,19113,14430,230459,280008,87512,98136,16910,68153,25905,48900,133052,174524,117710,66789,170418,49351,60488,63171,11876,80050,25080,206749,119524,9398,92901,174729,105656,173303,21895,17991,13621,115256,348008,33796,15879,22677,155921,39940,94370,13850,5138793
"2015|09",26603,48561,248358,34176,624377,40984,52397,3947,10600,315442,89311,18528,14605,231549,281360,87589,95868,16819,67951,24787,48217,131991,170964,118032,67039,170695,49771,58673,62534,12726,77686,24550,204293,123563,9449,91001,169546,104047,171667,21668,17389,13999,115924,341455,32730,16180,22561,153894,41605,92107,13864,5083632
"2015|10",26967,50697,260154,34933,642869,43068,54825,4306,10812,329068,95982,19734,15396,240605,293707,89989,97452,18633,71153,25218,49604,135598,176604,123837,69431,175378,52528,59819,63891,13260,79437,25223,211390,130339,9696,95571,174864,108091,180359,22018,18192,14697,122497,352193,32498,16947,23019,158909,43921,95709,14553,5275641
"2015|11",25586,49060,250411,33909,614629,41474,52423,4159,10108,317765,95016,19339,14427,228290,281240,85788,91771,18970,68770,23832,47452,130721,168125,120634,66782,162380,49890,55972,59862,12469,75093,24027,203788,127364,9334,92695,168085,104262,176203,21320,17461,13843,117414,330553,30518,15757,22605,152067,41698,92845,14119,5052305
"2015|12",26880,51613,257524,35389,628382,42507,53244,4237,10217,329966,100146,20385,15061,230252,289826,85562,93680,19890,69860,24718,48388,135766,170580,124734,68108,160861,52144,57879,60908,12882,74212,24893,207810,135583,9953,96397,168935,107478,182476,21930,17916,13803,121404,331590,30487,16077,23094,156677,43239,95042,14885,5175470
"2016|01",27605,52320,260860,35915,625748,42431,53691,4195,10161,332818,105403,20066,15087,227687,293327,85737,94278,19036,69550,24413,47765,136253,170580,127703,68425,162092,52446,59487,61023,12966,73483,24918,209666,140534,10416,97163,167269,107247,182680,21708,18033,13504,123064,336892,30974,16082,23817,156863,44496,94347,15060,5207284
"2016|02",24727,49949,247379,33303,583082,39981,51301,3913,9390,313054,103577,18427,14315,213852,279378,80891,88359,18180,64714,22651,44769,126533,160351,122851,64682,155063,51395,57075,57366,12217,69566,23762,198418,136105,9892,90750,155522,100100,172385,19770,16675,12857,115768,317685,28809,14582,22618,148372,44245,89071,13769,4913446
"2016|03",26135,54305,265614,37053,624120,43779,56599,4207,10081,334131,114428,19763,15421,235254,307058,87813,95995,20341,69768,24910,48849,138647,174718,137101,70929,174287,58406,63431,62430,13294,75682,25958,214314,160080,10786,99490,166721,109174,186456,20963,17410,14164,127193,346106,31267,15846,24271,160186,52330,96998,14255,5358517
"2016|04",25119,53599,254699,36674,601524,43220,55455,3807,9573,320994,113828,19155,15152,229974,300462,86812,92490,19949,66541,23944,46986,136581,168202,135233,69611,169674,58453,63125,60159,13111,73308,25248,206235,160899,10130,98028,160057,106562,182716,20271,16797,14025,121643,336945,32119,15600,23290,154829,54238,95147,13651,5215844
"2016|05",26123,55441,259618,38085,615314,44455,57518,3330,9634,331138,119959,20210,15740,235676,310480,88769,95393,20934,67587,24672,47631,140524,171057,139583,72583,169912,59561,65201,59950,13109,75860,25876,208965,165538,10037,100970,165332,109777,190632,20517,17191,14541,124958,346313,33974,15597,24548,158960,56584,98982,13763,5358102
"2016|06",25913,53697,245896,38277,592112,42730,55566,3504,8996,320840,118656,20143,15086,227333,303735,86951,94384,21122,66190,23902,46453,134295,166300,137104,70944,161152,57619,63600,58147,12695,73147,25175,200671,164885,9925,99793,158333,106119,185724,20066,16871,14573,122600,335938,32899,15159,24322,153802,56561,96431,13086,5199422
"2016|07",27505,56109,250892,40400,611088,43935,57157,4127,9243,331339,125363,21287,15586,234957,320287,90598,97767,22802,69379,24505,48548,139800,171899,143558,75830,166809,59756,64786,60968,13977,75938,26431,209614,178490,10330,104200,158982,111063,193732,21148,17145,15453,124839,349890,34777,16136,25608,158212,61937,100891,13158,5408231
"2016|08",28293,57132,250394,41542,609888,45322,57542,4911,9095,333234,128150,21438,16129,239218,336377,93804,100231,24395,70007,24349,48727,143440,174863,147485,78517,173292,61114,65767,62346,14622,75900,27220,213664,187084,10974,106117,158075,113690,197163,20963,17219,15806,126033,361376,36273,16067,25624,159616,67373,101337,13438,5512636
"2016|09",27206,56080,241550,42456,594865,45127,56046,5111,8714,329731,125601,21050,16726,235064,334424,93741,97225,25107,67657,24446,48210,141992,170362,148137,78170,173159,60609,65480,62051,15063,72731,26588,210355,190165,10543,105359,152285,113101,194440,19981,16468,15858,118383,359214,35707,15140,24952,155906,69787,97020,12380,5427523
"2016|10",28009,57409,248061,45110,620360,46624,58402,4953,9180,346092,131812,21732,17321,242010,348577,97599,100532,26652,69516,25366,50140,145355,173851,154587,81688,179788,63414,67778,63423,15719,75321,27805,211594,190622,10871,108601,156303,117763,204244,20744,16597,16287,115177,372007,36886,15211,25643,160561,75375,100920,12282,5611874
"2016|11",27575,55595,233783,43688,596903,44019,55812,4411,8578,332784,128159,20905,16548,230953,334116,91710,94964,24952,66097,24742,48212,137435,164887,148454,79016,166127,60883,63655,60598,15075,71959,27517,196070,165901,10310,103759,149168,113265,198658,20009,15421,15802,101527,354038,35995,14264,24599,154057,73848,98040,11846,5336689
"2016|12",29446,56810,234974,44801,609604,45403,57539,4295,8412,340997,133314,21773,16799,236916,343230,90868,95407,24993,67373,25424,48471,141113,167167,152886,81750,164811,63692,63574,62426,15760,72440,28542,195374,155790,10633,108601,151407,116263,204403,20523,15804,16537,96339,356012,36816,14494,24364,158454,77933,100732,11910,5423399
"2017|01",30045,56835,234095,47258,613439,45248,58445,4071,8135,344585,136200,21710,17224,238000,345090,89720,95309,25263,67474,24876,48630,141316,165855,153889,82286,164576,65542,64041,63777,15735,71382,28443,189607,138341,10647,110965,149261,116194,205779,21249,15191,16184,89144,359661,37068,14862,24362,158446,81697,101126,12295,5420573
"2017|02",27186,51690,212956,43394,555641,40387,53724,3679,7368,313280,124800,19742,16211,216767,314905,80802,86372,23927,60796,22025,44059,126228,151934,141454,75715,151558,60452,59330,58048,13935,64775,25829,166035,111368,9627,102717,133902,106180,187107,19636,13458,14214,73659,324882,34144,13247,22230,144813,77340,92879,11310,4907717
"2017|03",31609,57671,235248,47961,616465,45308,60351,4085,8107,350508,138101,21772,18376,245412,354683,90704,96675,27589,68359,23948,49736,139430,170685,160777,85614,174657,68387,67782,65539,15153,71683,28732,178419,110539,10777,117403,146729,117169,211623,22033,14820,16203,73870,364560,37904,14523,24452,161242,91126,104175,13097,5471771
"2017|04",30884,55483,225615,46810,598487,44756,58733,3813,7658,340368,133606,21944,18140,237920,345233,89023,94631,27622,66235,23580,48970,134729,166550,158380,82897,170441,67016,65120,63063,14522,68974,28256,168869,97630,10644,115379,138940,113164,207319,21697,14685,15716,66080,354982,36665,13350,23767,156058,91267,102477,12619,5300767
"2017|05",32430,57650,231164,47200,612616,46191,60574,4056,7760,351240,139288,22702,18825,241405,353981,91031,97775,29496,67011,24013,50708,139445,169808,163993,84492,171695,69454,65685,63075,15146,70930,28963,172359,98551,10474,118258,142439,116447,216698,23130,15400,15399,68322,362735,37775,13328,24012,160734,93889,106019,12760,5438531
"2017|06",32941,56062,220226,46266,586881,44193,58466,3987,7525,340703,137305,21768,18047,229787,343482,89425,94955,30154,64512,22585,50011,135221,163148,161949,82556,164387,67039,62511,59891,15230,67930,28527,165088,96025,9912,115360,136633,113026,211471,22117,15677,14671,67854,354856,36670,12680,23164,154955,90799,102979,12680,5264287
"2017|07",34076,58508,222860,48968,602177,44762,60107,4280,7822,352397,143295,23132,18680,236677,356667,95052,98473,32532,65942,23148,52236,142129,168111,171564,84443,170507,70356,64125,62764,16513,69790,29164,169709,100482,10350,121500,140394,118461,219039,22825,16900,15516,70530,372679,38203,13198,23676,161384,94318,107323,13474,5461218
"2017|08",34678,58415,219127,49055,600320,43248,60294,4310,7794,354927,145514,22719,18813,239414,362618,97742,102246,34806,66634,23495,53221,143480,169246,176133,83330,178124,71891,65644,64210,17499,69401,29410,172477,102128,11567,125157,141632,121324,221735,23351,16788,15987,71740,376494,40106,13880,24002,163181,96268,108106,14439,5528120
"2017|09",33815,55552,209703,49463,583379,41739,59187,4473,7848,345342,143630,21774,17605,236687,354386,96106,101687,33655,65177,22805,53554,140664,166928,172955,79851,180756,71108,64890,63928,17216,65622,28469,168938,100601,11096,125992,137411,120052,214857,23202,16338,16331,67547,374751,39343,14116,23239,160899,98528,105651,14217,5423063
"2017|10",35017,57544,212979,51893,604429,41912,61466,4591,8332,355381,149096,23097,18203,246928,365426,100180,104843,34962,67198,23164,55790,144630,173191,178057,80756,187383,74004,68086,67026,17737,66345,29076,173860,102536,11025,132852,142321,123163,222636,24944,17031,16500,67955,390229,40872,14569,23736,165880,103888,109436,14050,5606205
"2017|11",33693,55067,201419,48715,575687,39549,59225,4053,8132,338878,144396,22092,17592,236748,347946,96295,99132,35330,64686,22217,53793,138100,166162,168905,76377,175870,70426,64288,63685,16843,62952,28122,166447,95342,10146,127472,135310,119544,213729,24461,16505,15848,62849,373459,39812,13790,22706,158871,99203,105587,13508,5350964
"2017|12",35910,55434,202627,48393,585079,39828,60001,4185,7921,346814,149090,22896,18027,242940,353889,96568,99698,37174,65839,22306,54892,139668,169627,172316,76950,178594,72300,64706,65656,17055,63175,28509,170946,96931,10617,130986,137354,123545,220267,25576,16575,16339,63923,380131,40921,14193,22574,161596,101685,108039,13795,5454060
"2018|01",37989,54789,201542,47930,584368,40311,60224,4200,7810,346914,149452,22579,17797,244566,350352,95397,100951,39247,65562,21508,55616,137904,170471,173978,76695,180340,72521,63485,66185,16594,62962,28913,170705,96089,11209,133312,137085,124378,222557,26042,15996,16964,63608,383422,40592,14513,22051,161681,101649,108705,14374,5464084
"2018|02",34172,49469,181706,43062,530247,35147,54407,3629,7001,313425,135068,20311,16351,225155,312962,87167,91499,35767,61293,19155,51828,123879,157012,158781,67936,171413,65467,56445,60574,14559,56297,25997,154418,88017,10710,122205,125296,111332,202504,24148,15075,15777,55593,346990,36037,13236,19878,147041,94003,99528,13334,4962303
"2018|03",36929,54775,200640,46180,591115,38542,60936,4121,7832,348709,149833,22486,18638,256840,348330,98154,104244,41753,69702,21204,59172,137256,178578,178542,73363,203556,72983,62702,68582,14956,62459,29218,172917,104243,12490,138544,138749,122014,224847,27315,17130,18047,59886,389763,40011,14702,21427,165039,107859,112034,15031,5564378
"2018|04",35796,53010,191289,43586,572697,36877,59688,4168,7793,339437,146263,21923,18102,249153,332102,96603,101927,42513,67709,21035,57278,133567,174441,173425,68822,200077,71551,59443,65976,14638,59918,27795,166937,102871,11652,134680,132933,118718,216699,26573,16844,17145,57300,374308,38613,14541,20910,160024,105969,109647,14706,5389672
"2018|05",36668,54366,194224,43066,587931,37788,61570,4209,7897,350122,149907,22970,18724,256223,333806,99147,107159,47074,68008,21774,57596,137770,177272,177389,68717,200275,73094,58744,65975,15458,62013,28105,170854,104170,10953,137655,135689,121013,221354,27074,17425,16511,59146,381940,39411,14868,21480,163696,107088,113734,14893,5503995
"2018|06",36592,52216,184830,41608,570145,36853,59833,4071,7513,336779,144292,23001,18335,246399,317192,96584,105570,48031,65061,21356,55513,131171,170243,170525,65382,190372,69958,54385,63446,14845,58845,27268,164618,98927,10270,134911,130724,116273,213091,25600,17446,15572,58592,372268,37833,14398,21106,157617,101773,109211,14439,5302883
"2018|07",37908,54597,189064,43433,592628,38568,62740,4093,7691,344745,148024,23374,19661,253432,324797,100381,109402,52082,67584,23215,57144,135149,177766,174243,66966,199827,72271,54032,67330,14704,59766,27280,169302,101503,10598,139979,135073,119740,218014,26284,18692,15877,59731,387450,38212,15087,22328,162886,104697,113370,14660,5477380
"2018|08",38609,56269,185510,44144,592822,37614,63490,3931,7658,347248,147619,23327,19910,258409,324868,101184,111869,53534,67594,24400,57020,136377,179382,174392,67159,211689,73275,53475,69075,14306,60471,27040,171343,101898,11560,140080,135444,120652,218630,26532,18626,15812,61857,392958,38616,14965,23584,164788,108153,113830,14764,5527762
"2018|09",36934,56578,177672,42798,578540,36457,62497,3719,7473,339422,143260,23269,19324,254882,312773,99961,108980,54480,66308,24195,55056,135628,175952,168000,64187,213707,73018,51378,68148,13438,58278,26204,168868,100081,11282,135056,130577,116246,211154,25795,17946,15243,58895,384599,37016,14397,23547,161463,108628,109685,14818,5397812
"2018|10",37971,58610,183916,44776,605270,37878,65225,4001,7969,347657,146996,23992,20819,264720,317717,103308,109773,57394,68327,24853,56980,138823,181148,170611,64783,222546,75205,52829,69804,13621,59404,26128,174412,102275,11151,140874,133984,117221,217660,26939,19308,15716,60767,394095,37916,14194,23951,166864,110543,111350,15111,5557385
"2018|11",37603,55798,175178,41736,576816,34664,62251,4043,7763,331124,140901,23004,19845,250916,298136,98219,102487,56159,66330,23911,54212,131557,172432,160255,60855,208330,71368,50748,64235,13070,55497,24704,166651,94633,10833,134765,125998,110616,209678,25713,18823,15545,59731,372800,34948,13251,22673,159322,103405,106816,14251,5274599
"2018|12",39622,56680,178166,41656,587784,33825,63914,3851,7694,339214,142669,23963,20128,255875,300993,99007,102706,57559,66738,24510,54735,133533,175313,163083,61571,208646,71752,52235,65601,13551,55837,25000,171675,95120,11302,137313,125816,112335,212150,26512,19486,16069,60965,370878,35064,13349,22980,162811,103125,108625,14661,5347647
"2019|01",40861,55907,178569,41974,589365,34282,63155,3618,7838,339088,141044,24083,20210,253986,298665,100850,103288,57368,65915,25243,54555,134398,175055,162698,60907,211293,70463,53060,66252,13399,56044,24310,171928,93785,11550,137599,124091,112229,211774,27817,19332,16277,61305,368625,34548,12718,22748,160803,102638,109386,14569,5341465
"2019|02",36740,50008,162483,37438,533839,32145,56405,3061,7246,307141,126857,22208,18450,230023,266374,91322,93759,50744,58277,23172,49525,120835,159142,146539,54714,196751,63072,47370,60056,12184,50828,21121,156269,84995,10328,125515,110962,101306,191787,26316,17117,14731,53985,334256,31351,11368,20481,144405,93407,99231,13064,4830703
"2019|03",41277,55097,181584,41572,591112,35814,62455,3307,8288,339429,139068,25249,20619,256030,292223,102453,105564,55398,63626,26475,55288,133910,180357,162101,59930,226601,70443,52103,67639,13743,55805,24186,174434,97891,11462,138803,121526,112595,213272,30763,19369,16915,58903,373810,34429,12892,22573,160128,105686,109058,14209,5377464
"2019|04",39527,53123,176018,39022,573076,35119,61139,3122,8181,328129,132927,24425,20346,246887,279278,98716,101520,53367,60686,26211,52801,131168,175406,155433,55253,220335,69135,49476,66658,13049,53341,23529,168985,96022,10785,134866,117581,109052,207367,30614,18854,16812,57417,360481,33770,12630,21245,154041,101696,104014,13578,5196213
"2019|05",41182,54680,183136,41688,583155,36244,62865,2914,8365,336617,134968,24612,20889,250633,280617,99848,104359,56487,60920,27878,53807,132562,178025,158210,53663,220967,71215,50533,68784,12854,54124,23916,172990,97398,10840,136383,121024,110891,210704,32104,19550,16967,61488,367763,35062,12985,21479,158158,100502,105644,13546,5296195
"2019|06",40369,53049,178179,41701,562445,35809,60937,2912,7989,324299,129626,23219,20159,243528,267844,96039,101977,56667,57913,27922,52568,128086,171348,152335,50814,208231,68368,47461,66341,12163,51661,23313,167092,95729,10514,132241,118299,105834,202734,31291,18828,15751,63504,356200,33449,12181,20818,152305,92551,102062,12447,5109102
"2019|07",41671,54998,186330,43133,581863,37627,63156,2835,8148,334683,132642,23654,21235,262143,273856,98132,106751,58208,59070,30519,54702,132581,176970,154952,52591,214153,70117,48040,68051,12022,52609,24455,173996,101242,10674,138552,123012,108731,209210,32572,19564,16776,66282,370078,33658,13041,21802,158125,92016,105406,13011,5289645
"2019|08",42038,55921,190779,44029,583686,38850,63120,3138,8075,334671,130081,23676,21839,267932,274136,99568,110770,59423,57947,31313,54841,133578,177790,155489,51741,223794,69877,48704,68618,11687,51371,24734,174791,103650,10573,142368,124608,108059,209382,33625,20029,18376,68370,372081,34072,13200,21753,159846,89158,105969,12913,5336039
"2019|09",39650,54858,188377,44302,571994,38284,61637,2892,7697,323969,124725,23663,22199,264236,263621,97838,107739,59242,56704,30149,53709,129849,175080,151817,49568,225038,67390,47174,67788,11595,48671,23794,170588,102108,11191,140416,120474,105527,201970,33576,19546,19280,65169,361271,34440,12338,20983,155798,87696,102307,12602,5212529
"2019|10",40794,57432,195527,45871,598715,37471,63690,2783,8003,336464,126762,24315,22941,274447,267270,100669,110693,62054,58171,30581,55804,132058,179842,156145,50751,233110,68280,48165,69979,11877,49466,25789,176990,103349,11861,147377,123562,108485,208849,34021,20890,20624,66006,370636,35383,12309,21719,158793,91955,104054,12663,5375445
"2019|11",38086,55820,189236,42684,576368,33985,59930,2591,7930,322241,119286,23250,21542,263946,248890,93888,106862,58641,55019,29585,54779,125354,169855,149173,47777,217238,63394,45755,66117,11622,46552,25170,168561,96782,11198,140397,117147,103159,200949,32670,20288,19496,62350,352106,33899,11765,21076,151529,88063,98128,11928,5114057
"2019|12",39120,57087,195371,42256,585658,34133,60343,2767,7791,324472,119994,24000,21675,271770,248494,92237,108730,59667,55014,30571,56087,128083,172882,152092,48541,216846,63791,46691,66885,11743,46655,25950,172237,97707,11761,143805,117183,105140,205596,33280,20082,19439,64074,354757,34176,11674,21535,155455,91349,99577,12430,5188653
"2020|01",39437,56478,196488,42369,588444,33999,60103,2591,7726,322950,119467,23988,22064,275142,247779,90656,108910,59875,54420,30761,57070,127368,172756,151453,48451,216897,63852,48023,67473,11548,46252,26163,173279,96473,12334,142361,115441,102990,203675,33860,19724,19204,64555,353290,33788,11598,21412,154078,94971,99335,12856,5186177
"2020|02",35601,52798,184686,38470,553006,31981,56614,2241,7494,303095,108875,22412,21001,262428,232404,83930,100720,56931,50480,28804,54387,119026,162104,141550,44330,207389,59598,45374,63105,11009,43590,24764,165139,90238,11558,132806,107868,95182,191487,32621,18556,17958,60744,327530,31639,11253,19328,142526,93111,93633,12081,4865455
"2020|03",39134,57485,199003,43131,596721,34177,59861,2065,8149,323146,115064,24663,22917,289229,251566,89762,107920,63165,54911,31911,59677,128751,173060,153511,47301,233657,65162,49351,69457,12011,46134,26791,181252,97764,12848,143971,115253,101835,205793,35477,20368,19944,65655,348772,34205,12231,20345,150767,106051,99503,13020,5263897
"2020|04",38169,55722,190586,45039,595556,33959,58136,1858,7537,312192,110859,24250,22299,283134,246103,86659,104827,65638,52632,31134,57648,127895,168440,149606,44879,231895,61999,48045,68344,11841,43550,26423,177282,94814,13076,142598,112146,98101,199063,35638,20715,19847,63259,340399,34676,12473,19307,145894,106599,95213,12496,5150450
"2020|05",38668,56723,196930,46120,630968,35640,61055,1953,7829,318929,112379,25447,23256,288648,250807,86112,106059,69241,52958,31459,59602,133264,173977,152667,44611,233647,63009,48525,69421,12065,44839,27065,183775,97567,13624,148367,114101,99611,203410,37387,20958,20402,63299,352576,36826,12714,19498,147518,109508,96890,11873,5293777
"2020|06",36752,55058,193177,44449,620527,35053,59133,2099,7756,306574,105771,24498,22271,278382,234865,80990,100487,65282,49842,29932,58717,127568,166558,146764,42418,218584,60750,46240,67257,11268,42647,25627,178839,92330,12597,141557,108512,94529,196285,36336,20202,19624,59920,341925,34636,11849,18316,140524,102714,91970,11006,5080967
"2020|07",37678,56393,199902,47474,640756,36286,60520,2204,8011,315269,105178,24473,23152,302631,239691,82752,100931,64970,49786,31932,62282,128937,170526,149138,43727,222953,61248,48677,69826,11338,43262,25897,185071,95112,12659,142441,111478,96131,201856,37347,20778,19655,60483,354898,34622,11927,18536,144780,105699,93954,11362,5226589
"2020|08",37878,55897,203955,48403,634697,36676,59720,1908,7891,318355,103544,23819,23836,309478,243043,81651,100109,62419,48802,33069,63873,128735,170225,147375,43555,228355,61437,50267,69337,11252,43020,25917,186034,95961,13069,138754,112314,96085,201705,37416,20948,19515,61558,361150,34879,11912,18143,145304,110615,94642,11796,5250298
"2020|09",36626,54174,203276,47661,606299,36793,56947,2050,7131,311028,98425,22434,22908,309284,237189,78595,96402,57646,46056,32760,63472,125080,164982,142303,42631,226566,59454,49823,66856,10897,41889,25338,180879,95854,13102,131694,108915,93033,194090,36396,19898,19992,60161,357208,33982,11915,16669,141210,113004,92317,11160,5114454
"2020|10",37005,55939,214039,50565,622471,37688,58106,2212,7108,318579,99733,23006,23537,323601,244183,79757,98579,57633,47034,33875,64448,128879,170375,142877,43781,234280,61346,52265,68318,11447,42971,25740,187314,99575,13490,130434,111585,94154,196853,36962,20027,19803,61783,373912,34275,12579,16920,143661,118442,96404,10713,5260263
"2020|11",34723,53600,208682,50170,597086,34526,55465,2004,6797,304476,93085,22177,22741,313929,231740,74565,93708,54757,44554,32411,60840,124620,163163,133777,42008,220369,58309,48679,64364,11096,40873,24192,181776,94573,13369,122432,107900,89477,186411,35099,18993,17142,57402,360061,32384,12464,15350,136678,113037,92168,9969,5020171
