"","Alabama","Alaska","Arizona","Arkansas","California","Colorado","Connecticut","Delaware","District of Columbia","Florida","Georgia","Hawaii","Idaho","Illinois","Indiana","Iowa","Kansas","Kentucky","Louisiana","Maine","Maryland","Massachusetts","Michigan","Minnesota","Mississippi","Missouri","Montana","Nebraska","Nevada","New Hampshire","New Jersey","New Mexico","New York","North Carolina","North Dakota","Ohio","Oklahoma","Oregon","Pennsylvania","Rhode Island","South Carolina","South Dakota","Tennessee","Texas","Utah","Vermont","Virginia","Washington","West Virginia","Wisconsin","Wyoming","National"
"2009|10",223,66,686,340,3068,441,87,32,55,1189,468,117,104,495,775,364,325,437,330,73,227,453,716,435,206,496,85,306,274,47,416,165,1177,403,61,698,388,416,1242,123,346,130,549,1425,171,40,221,466,268,394,83,22102
"2009|11",208,76,652,327,2825,465,72,34,54,1044,438,107,126,494,775,368,252,421,265,57,239,416,701,406,172,426,73,308,217,42,392,146,1025,338,64,685,318,378,1231,108,249,110,489,1340,166,41,218,436,279,333,82,20488
"2009|12",200,72,554,295,2492,445,97,31,45,943,411,101,127,416,691,355,245,373,250,35,186,421,593,438,176,377,65,205,216,34,374,107,902,294,62,605,273,294,1262,116,206,115,425,1185,173,42,204,417,256,314,68,18583
"2010|01",239,69,627,365,2721,440,122,36,79,1049,458,108,107,486,760,380,296,443,267,58,205,460,677,434,216,492,81,256,195,47,396,114,1067,332,68,651,333,410,1393,120,241,107,448,1253,173,37,206,512,290,339,76,20739
"2010|02",194,61,660,300,2539,513,85,28,51,1194,439,71,108,447,755,400,297,421,309,56,191,456,615,420,225,451,91,289,218,35,402,159,1007,384,63,669,276,385,1233,138,268,128,506,1243,155,46,228,515,248,408,78,20458
"2010|03",278,66,659,404,3002,579,130,17,69,1207,565,66,137,552,900,420,297,585,300,68,268,529,800,588,261,544,91,343,265,58,448,163,1228,427,73,930,381,447,1602,119,366,135,639,1338,216,61,279,591,322,444,55,24312
"2010|04",260,72,656,362,2817,517,93,24,61,1246,466,82,104,446,831,422,318,528,257,71,258,501,780,582,253,561,89,279,253,29,367,129,1076,422,68,886,412,466,1519,135,302,132,662,1361,244,53,245,577,315,391,76,23056
"2010|05",259,80,663,351,2956,443,137,61,60,1451,441,79,126,446,830,487,345,487,289,77,236,558,760,518,234,520,104,284,249,46,420,156,1131,428,63,888,370,434,1657,148,288,126,543,1405,193,59,285,631,293,389,82,23566
"2010|06",256,70,615,300,2751,452,111,49,68,1339,461,73,103,479,796,383,275,423,238,59,220,438,693,495,185,501,80,255,245,35,410,123,1050,434,60,875,324,411,1639,128,245,117,502,1382,194,50,214,583,247,412,83,21931
"2010|07",298,95,616,276,2838,480,154,37,62,1274,430,59,121,464,742,408,284,457,240,71,235,471,648,497,214,486,80,286,235,42,378,156,1051,369,53,863,394,460,1667,131,273,118,543,1454,192,51,225,512,257,421,92,22260
"2010|08",388,81,706,352,2999,515,170,34,77,1306,471,72,107,516,749,392,367,498,307,64,250,447,700,577,213,523,84,331,248,49,391,193,1074,436,69,901,427,400,1712,100,281,127,571,1395,202,38,209,555,335,406,92,23507
"2010|09",308,64,668,395,3085,470,157,34,56,1249,475,86,141,500,716,458,281,470,299,70,274,406,670,511,240,593,89,276,256,40,350,166,1016,367,67,787,469,407,1522,141,328,140,536,1378,202,52,220,574,291,401,68,22819
"2010|10",302,77,701,421,3046,449,176,46,53,1318,468,90,107,416,747,420,279,417,268,56,218,513,645,474,200,556,92,265,221,41,372,167,1077,418,82,838,421,415,1159,120,315,95,565,1344,203,47,245,531,270,414,98,22278
"2010|11",288,62,671,318,2576,384,147,39,43,1139,439,71,85,350,623,345,270,376,248,48,207,484,564,445,137,504,67,229,242,45,328,126,951,423,62,810,353,360,1026,117,278,104,543,1209,197,60,185,365,295,360,92,19690
"2010|12",206,77,568,251,2353,373,163,29,39,980,388,66,88,361,587,325,276,298,228,31,226,448,507,422,172,388,57,214,205,34,336,95,864,343,66,722,338,334,1015,78,221,114,491,1183,129,41,181,381,225,322,81,17920
"2011|01",250,105,638,301,2709,410,148,29,55,1249,443,90,121,320,622,365,267,390,317,45,199,420,594,518,160,432,89,274,258,37,327,119,919,367,49,764,341,348,1121,109,194,119,485,1337,173,59,195,460,309,295,85,20030
"2011|02",311,73,612,361,2643,409,140,52,52,1288,575,102,92,353,611,327,218,463,375,44,245,487,585,513,217,416,89,235,195,42,338,151,856,440,63,823,348,339,1092,96,258,145,568,1312,135,28,219,503,337,321,73,20570
"2011|03",297,66,661,410,3046,514,178,64,61,1599,712,91,125,393,694,411,281,477,468,26,245,482,736,552,223,580,94,306,237,35,394,192,997,424,84,869,425,321,1245,103,319,139,623,1421,152,63,234,537,345,403,77,23431
"2011|04",307,73,719,310,2869,476,190,41,55,1456,564,114,96,431,592,384,360,477,311,56,236,438,666,526,237,572,56,255,218,48,356,177,955,453,72,926,386,378,899,98,255,105,610,1509,161,72,248,462,310,409,84,22058
"2011|05",228,101,677,310,2884,476,168,49,43,1474,544,75,99,353,689,419,324,493,365,49,267,530,680,598,218,560,85,271,265,38,416,152,950,449,61,890,406,410,943,108,280,122,567,1533,175,58,225,508,319,408,80,22392
"2011|06",276,74,656,307,2500,439,192,64,27,1279,525,51,115,340,634,302,248,393,300,38,230,425,589,539,191,478,90,247,217,54,477,140,968,452,28,763,399,427,892,114,187,117,562,1367,185,65,212,450,290,405,83,20403
"2011|07",288,70,708,284,2740,478,176,46,35,1298,566,82,97,348,609,346,275,413,276,55,225,393,606,492,204,569,139,259,251,29,442,161,948,383,72,888,428,308,937,108,230,105,589,1275,162,48,221,501,247,407,49,20866
"2011|08",293,67,777,337,2708,495,153,36,46,1551,651,89,102,409,618,391,315,464,351,53,260,429,708,547,199,484,131,289,274,41,388,171,925,443,75,929,527,398,949,113,202,124,666,1416,202,57,281,468,277,423,76,22378
"2011|09",266,66,828,321,2794,421,188,46,51,1365,548,118,113,426,640,462,345,508,311,50,240,438,669,537,227,510,92,305,230,44,434,149,869,407,86,941,495,329,953,93,245,121,597,1338,200,76,244,532,304,398,75,22045
"2011|10",245,62,753,306,2899,429,166,42,60,1443,551,95,92,415,625,397,311,509,292,83,253,426,600,494,235,480,72,303,257,41,419,153,922,395,83,866,446,414,924,97,261,106,613,1460,205,54,219,512,296,456,64,21901
"2011|11",191,67,727,295,2269,379,128,30,44,1240,478,98,98,357,545,351,263,389,285,59,212,398,473,482,146,478,109,273,208,49,418,144,925,336,67,802,420,415,833,112,251,98,599,1229,172,59,194,390,271,383,64,19303
"2011|12",181,70,728,243,2157,422,117,36,38,1239,471,91,91,409,542,353,258,401,268,54,202,369,581,417,175,472,97,272,222,50,416,140,898,355,73,709,364,336,784,78,167,105,502,1022,166,42,202,349,306,352,74,18466
"2012|01",244,64,855,369,2552,362,130,45,52,1323,547,105,96,402,662,325,304,394,299,76,206,453,578,516,207,499,92,306,249,29,442,147,866,433,82,791,397,330,879,121,247,70,646,1326,176,37,190,411,277,386,87,20682
"2012|02",215,83,847,328,2780,389,131,58,54,1421,534,96,112,426,684,360,338,447,256,71,238,430,647,536,213,485,99,254,260,39,447,158,874,449,72,767,452,357,1026,101,271,92,652,1387,176,51,233,467,289,361,78,21591
"2012|03",244,78,871,345,2889,447,143,49,43,1431,535,80,108,436,766,384,285,489,225,82,217,469,650,563,233,583,122,266,272,69,471,139,1001,463,79,889,521,418,987,129,272,134,628,1472,218,70,290,501,345,392,65,22858
"2012|04",233,87,848,350,2791,439,136,36,40,1379,484,112,107,420,693,372,347,531,230,69,229,481,627,554,247,630,130,222,260,53,440,178,957,420,66,801,528,366,805,91,235,123,611,1349,201,55,262,441,305,329,62,21762
"2012|05",227,85,911,366,2912,432,132,38,34,1423,479,98,90,406,662,396,356,569,270,81,247,500,654,593,203,523,93,224,299,65,500,132,938,429,74,872,514,366,846,114,253,96,624,1440,170,68,251,507,297,368,87,22314
"2012|06",202,69,977,275,2677,404,124,41,31,1143,472,62,91,323,635,353,279,418,213,89,199,464,603,500,166,507,136,185,284,50,428,121,900,409,52,777,470,344,850,100,182,74,522,1318,215,51,233,468,309,377,77,20249
"2012|07",264,62,901,333,2736,444,146,43,22,1320,528,64,68,350,607,374,313,492,298,98,226,519,649,547,177,501,127,187,221,54,409,129,863,411,60,804,427,331,909,113,213,119,580,1325,235,46,246,436,252,369,85,21033
"2012|08",280,103,987,366,2790,447,166,35,27,1283,637,74,85,449,688,414,364,603,310,73,220,467,693,498,246,514,125,245,320,60,479,136,900,464,70,910,515,347,991,124,211,91,650,1379,159,44,204,456,313,426,102,22540
"2012|09",253,87,947,326,2976,486,162,36,31,1240,613,85,76,426,713,374,311,541,250,61,203,461,604,512,183,607,125,177,289,60,514,187,821,458,90,843,472,326,955,108,268,100,634,1326,173,51,220,487,325,398,116,22087
"2012|10",256,87,889,321,2865,442,171,34,26,1242,569,100,75,409,696,369,376,417,321,80,204,437,645,582,187,538,123,240,304,48,469,156,775,439,89,805,443,370,910,125,291,92,650,1445,211,58,214,499,307,358,74,21833
"2012|11",226,83,869,310,2684,353,118,24,36,1073,456,91,117,388,557,397,320,390,219,68,166,355,562,521,186,524,122,219,263,49,411,130,724,427,71,786,443,332,756,90,229,87,573,1222,180,63,191,441,242,339,70,19553
"2012|12",202,64,690,267,2404,376,118,25,22,1116,381,64,98,318,605,324,317,397,244,75,162,375,555,436,145,453,124,195,303,34,450,104,718,420,73,786,434,288,764,91,167,81,501,1069,166,39,207,427,234,344,89,18341
"2013|01",239,75,814,299,2677,386,140,41,43,1218,464,98,99,383,663,416,323,439,296,78,193,369,623,482,185,482,136,216,277,50,441,120,820,451,49,794,499,329,806,94,222,95,554,1138,159,66,195,455,251,372,97,20211
"2013|02",261,68,724,303,2586,348,139,28,21,1124,494,97,100,369,608,330,274,412,294,75,171,406,627,510,203,520,129,199,271,58,393,183,809,443,65,794,496,303,778,84,223,82,618,1270,186,59,233,472,302,360,89,19991
"2013|03",290,78,926,338,3049,427,146,41,40,1244,572,93,93,478,703,413,328,576,355,90,203,497,787,542,209,547,130,240,325,60,464,203,780,476,102,837,598,341,940,120,299,70,790,1391,179,54,217,562,367,436,81,23127
"2013|04",283,85,906,377,2885,365,147,40,51,1191,523,109,101,444,707,415,395,470,286,74,236,511,678,571,222,550,131,240,305,55,481,150,815,482,84,830,593,292,868,106,265,87,690,1424,199,58,257,460,304,425,78,22301
"2013|05",288,88,879,337,3155,423,183,28,37,1121,545,86,106,450,719,444,424,495,327,87,225,527,772,562,216,593,106,257,280,49,516,143,888,559,89,893,421,285,869,100,267,70,744,1578,243,71,238,553,316,452,111,23215
"2013|06",234,100,776,301,2803,404,186,23,33,1101,459,58,97,354,631,331,299,457,242,72,186,472,633,554,233,479,93,218,227,47,437,173,800,404,51,878,446,323,844,134,188,94,637,1383,190,69,220,502,275,377,74,20602
"2013|07",251,87,970,325,2865,419,157,29,30,1228,446,64,119,392,657,376,291,474,266,92,210,489,683,505,220,592,89,203,276,60,424,164,741,499,88,858,533,341,903,105,224,69,870,1420,166,50,217,475,305,423,76,21816
"2013|08",322,88,1019,370,3095,440,161,37,33,1463,554,78,126,466,783,369,334,553,361,70,195,531,706,524,268,640,132,238,284,56,498,176,727,534,111,891,570,351,943,124,306,53,802,1370,190,46,240,509,305,433,90,23565
"2013|09",292,128,972,325,3094,404,164,31,31,1328,582,108,95,472,716,387,315,573,346,91,205,548,732,509,263,555,145,256,274,56,484,179,811,566,91,939,631,297,918,114,326,57,614,1413,179,64,230,482,318,410,98,23218
"2013|10",269,88,940,292,3053,375,180,25,33,1408,539,91,101,393,701,383,375,559,322,85,218,533,669,545,311,600,130,202,282,49,439,172,866,580,86,964,530,306,989,138,329,63,616,1424,199,70,276,504,381,396,81,23160
"2013|11",242,59,866,261,2638,363,171,17,27,1211,579,74,94,396,686,372,281,458,307,75,149,470,605,495,244,588,84,216,283,34,426,156,805,580,107,804,459,275,891,143,268,67,611,1244,193,46,299,493,290,392,69,20963
"2013|12",197,83,781,246,2382,323,165,18,23,1131,512,63,82,374,557,307,233,393,294,66,139,510,540,490,224,463,126,187,180,31,383,119,668,534,98,638,466,236,799,96,228,70,475,1079,153,69,230,467,284,355,85,18652
"2014|01",258,74,991,305,2591,339,135,18,20,1270,560,66,86,392,674,316,285,451,345,87,184,670,573,516,237,478,123,179,267,54,420,157,718,435,67,742,534,285,879,88,232,74,476,1190,201,58,223,547,301,400,88,20659
"2014|02",247,77,938,294,2738,360,161,28,33,1111,591,97,94,405,702,291,324,525,334,54,161,522,638,478,259,494,150,191,227,31,414,218,826,502,85,782,462,274,911,87,276,80,623,1286,186,51,242,492,313,378,89,21132
"2014|03",306,65,1006,377,3014,431,197,30,36,1443,776,98,91,487,904,341,355,536,339,75,203,617,777,660,254,686,135,201,323,55,506,244,903,610,68,897,509,333,1138,130,325,113,784,1496,207,78,321,591,415,455,105,25046
"2014|04",283,90,1083,363,2824,412,137,39,46,1531,605,107,111,396,770,307,388,493,352,47,195,599,842,542,303,698,100,210,325,52,424,176,834,607,79,820,543,305,939,116,261,98,703,1477,213,68,261,506,353,404,89,23526
"2014|05",227,110,1054,345,3122,349,123,26,28,1528,640,110,87,429,820,322,310,501,325,95,196,643,776,606,221,602,122,193,297,47,421,201,842,645,80,972,474,321,1021,129,316,81,699,1525,193,86,249,581,350,421,84,23945
"2014|06",299,111,964,298,2893,406,147,25,38,1217,603,72,83,426,739,334,338,445,315,71,182,590,622,500,220,609,88,174,308,49,431,170,849,494,80,840,488,267,992,103,280,80,690,1427,205,52,252,483,324,398,69,22140
"2014|07",294,122,970,326,2914,433,162,25,32,1290,724,88,120,422,843,321,313,470,331,73,172,455,600,519,238,622,86,171,302,40,450,188,733,705,78,826,441,301,1063,107,259,66,697,1454,230,58,233,493,357,404,75,22696
"2014|08",337,124,1119,311,2980,455,139,35,32,1341,765,106,108,501,983,336,319,524,412,88,181,528,601,520,265,655,127,181,285,33,404,185,741,691,104,887,461,295,1051,111,309,97,753,1535,222,78,256,572,341,450,72,24006
"2014|09",350,147,1016,259,3136,441,151,33,36,1392,737,124,88,562,867,339,313,550,386,78,172,583,611,595,304,672,136,240,287,51,427,183,703,591,70,880,527,330,993,99,361,96,775,1434,199,92,267,483,308,442,98,24014
"2014|10",308,137,987,244,2962,440,150,25,27,1515,664,95,95,473,922,336,350,533,354,84,161,631,572,539,259,642,115,209,280,69,390,145,715,652,92,935,512,368,1072,116,283,91,901,1406,169,67,263,529,364,404,111,23763
"2014|11",269,117,915,228,2572,334,142,34,45,1375,615,101,64,407,851,352,266,377,270,73,153,533,460,558,218,530,135,182,259,64,376,121,617,589,74,761,387,279,846,108,283,73,726,1303,177,71,217,381,309,385,106,20688
"2014|12",193,94,897,258,2334,364,128,29,15,1204,591,95,91,379,715,293,240,365,269,70,139,476,442,538,196,502,126,160,199,66,316,119,674,436,76,682,363,323,840,90,246,62,710,1119,173,58,198,436,269,348,90,19096
"2015|01",288,150,1002,403,2567,406,109,32,28,1481,744,123,75,473,811,288,289,426,288,76,144,507,440,610,251,562,164,196,250,54,333,153,699,608,87,782,418,310,891,95,338,98,934,1218,188,105,211,472,375,352,80,21984
"2015|02",274,123,933,296,2426,371,116,25,35,1511,697,105,106,420,859,313,334,425,285,68,144,437,495,585,214,566,169,209,295,42,408,125,607,550,101,838,431,327,940,105,267,88,770,1147,163,79,185,484,329,435,101,21358
"2015|03",301,138,1076,381,2998,438,153,51,43,1743,809,85,106,443,1019,364,346,466,349,82,181,637,531,631,283,559,172,243,326,57,454,180,726,686,81,997,437,336,1072,117,378,89,977,1392,238,84,292,550,408,410,111,25026
"2015|04",289,122,1054,417,2747,394,141,30,50,1629,745,110,87,429,881,382,347,552,396,90,214,496,540,628,275,618,212,236,348,64,430,121,664,687,89,925,472,337,981,113,325,84,1196,1490,199,94,300,512,376,357,105,24380
"2015|05",340,122,1012,414,2745,431,154,33,39,1519,773,126,121,446,933,405,420,475,381,83,192,521,555,605,294,603,195,205,299,58,412,174,708,744,98,949,542,350,996,95,316,69,1069,1562,198,89,292,476,375,436,116,24565
"2015|06",299,144,1081,313,2711,413,183,32,34,1352,710,82,90,401,1037,290,281,397,293,80,211,513,532,544,241,552,172,232,292,57,355,161,704,682,86,873,402,326,905,92,299,70,972,1463,210,77,251,529,407,395,73,22901
"2015|07",345,121,1155,351,2690,418,174,32,49,1365,681,99,137,392,1018,338,394,445,384,67,182,511,578,623,256,549,174,177,300,58,381,166,753,745,96,842,473,360,1129,98,265,94,1104,1448,195,86,237,437,339,393,94,23798
"2015|08",391,109,1182,382,2919,484,198,47,46,1586,830,98,118,481,1206,360,385,486,420,46,208,513,593,642,335,629,146,191,339,64,373,173,717,766,85,983,580,290,1069,123,312,106,1202,1393,202,91,249,445,368,426,65,25452
"2015|09",352,119,1058,429,2887,498,168,42,24,1475,795,113,122,452,1078,340,356,521,402,60,228,605,585,627,332,671,176,209,332,75,450,179,690,809,88,972,435,324,1048,110,337,118,948,1556,160,90,250,528,383,450,113,25169
"2015|10",338,94,1101,345,2868,440,145,40,33,1599,789,118,119,364,1077,369,328,450,355,60,204,680,618,696,288,636,137,197,348,75,412,168,756,753,102,918,413,313,1035,95,370,106,935,1402,200,49,262,516,353,470,106,24645
"2015|11",278,101,1013,277,2453,377,172,27,46,1390,715,91,85,365,947,344,316,469,293,53,177,613,511,592,256,571,145,196,257,70,318,111,614,729,95,793,364,282,1030,90,312,90,975,1227,175,71,228,485,300,384,89,21962
"2015|12",250,90,911,276,2206,386,160,37,35,1371,659,92,97,348,817,328,286,385,249,86,152,584,507,537,251,505,160,220,234,69,311,109,606,612,68,797,341,313,803,80,236,90,815,1339,181,77,250,446,303,376,73,20514
"2016|01",361,128,989,318,2414,401,164,49,27,1461,775,73,106,368,918,325,299,469,240,78,169,582,537,603,280,643,173,234,248,72,369,145,745,774,91,824,422,350,931,80,295,84,845,1698,191,48,252,515,383,332,93,22971
"2016|02",334,95,999,376,2579,382,187,40,32,1447,799,85,93,333,975,332,317,490,269,74,167,518,504,638,293,665,225,228,263,60,422,172,764,750,80,896,479,349,922,75,334,94,1025,1560,191,66,262,523,417,397,107,23684
"2016|03",330,122,976,376,2824,494,206,35,39,1347,725,118,102,378,1106,383,325,557,321,85,200,625,583,697,322,717,205,229,281,82,400,148,815,955,113,985,483,333,1066,104,306,115,1116,1545,265,66,254,523,491,422,75,25370
"2016|04",307,116,882,372,2749,442,192,32,20,1469,720,106,130,377,1053,372,342,505,354,82,181,505,554,609,342,687,220,234,310,68,374,171,691,847,71,963,443,349,1009,91,356,115,1171,1526,222,84,275,421,426,397,72,24406
"2016|05",299,123,871,366,2730,479,191,52,31,1536,803,92,113,400,1137,363,360,478,366,63,225,534,548,621,327,553,184,266,282,66,363,174,730,911,96,891,451,354,1007,85,316,122,1092,1604,185,74,267,516,406,403,77,24583
"2016|06",282,126,873,303,2498,396,151,45,28,1399,682,119,93,372,1038,302,289,447,317,59,202,528,509,598,269,575,160,211,254,80,320,137,737,943,65,846,357,273,896,107,295,90,970,1390,149,78,230,469,340,405,73,22375
"2016|07",315,98,907,372,2488,406,152,49,32,1503,643,104,109,370,1240,342,308,434,312,91,185,494,517,598,376,566,175,181,301,82,344,133,785,979,66,954,424,322,879,80,275,84,984,1555,233,47,185,420,400,439,76,23414
"2016|08",379,127,999,413,2804,513,201,46,34,1592,683,109,149,425,1338,370,363,542,343,80,212,514,571,611,409,595,197,214,349,80,370,212,780,1082,122,1118,553,346,998,105,345,75,1038,1721,217,74,264,477,446,436,71,26112
"2016|09",342,117,915,396,2760,474,173,56,41,1560,597,86,120,381,1248,383,361,564,329,69,224,548,571,640,366,640,215,257,318,93,367,223,742,910,87,1043,453,338,935,105,342,97,977,1654,174,61,250,474,398,403,93,24970
"2016|10",300,119,962,346,2682,411,191,31,40,1605,628,86,86,401,1063,378,403,472,283,71,203,538,550,674,291,584,197,249,308,96,383,149,833,516,122,988,420,365,918,124,347,119,599,1583,196,64,227,501,387,464,79,23632
"2016|11",280,123,811,280,2238,389,162,32,25,1411,575,95,116,397,928,288,315,412,241,52,157,521,644,626,287,554,157,206,296,86,297,175,668,473,78,868,385,295,869,73,337,91,498,1422,192,58,241,492,342,453,97,21108
"2016|12",263,126,796,318,2176,410,158,30,23,1245,589,103,75,319,975,309,293,356,243,68,159,536,602,559,260,497,185,204,279,74,272,149,832,376,71,832,357,292,846,88,283,103,501,1322,161,60,179,426,329,321,73,20103
"2017|01",383,110,891,358,2394,379,185,38,19,1468,670,67,86,300,1071,362,334,489,291,55,180,489,549,624,323,530,213,242,237,74,321,155,785,447,67,982,422,351,960,112,309,97,537,1515,196,69,250,485,433,448,108,22460
"2017|02",363,91,819,324,2354,397,147,35,19,1300,632,98,106,343,1115,329,341,573,278,62,200,399,557,637,296,521,214,241,230,70,321,147,750,437,85,1010,454,381,933,80,339,95,562,1520,190,51,225,557,421,472,84,22205
"2017|03",371,130,881,318,2597,455,188,49,35,1495,693,101,121,482,1137,430,355,673,345,86,217,538,553,672,308,696,204,230,281,90,316,191,808,532,102,1092,494,374,1012,94,329,91,618,1676,212,64,284,498,475,515,101,24609
"2017|04",408,120,961,321,2447,416,169,39,30,1495,598,133,113,385,1051,371,344,564,309,80,227,571,519,645,262,582,206,198,317,99,287,189,801,484,79,1026,492,354,964,117,250,83,616,1668,185,76,238,530,438,441,100,23398
"2017|05",359,100,917,330,2444,467,180,45,29,1541,707,104,110,429,1139,403,345,552,306,74,201,602,609,588,263,549,183,207,291,90,368,189,805,501,109,1021,392,378,1026,111,293,77,575,1673,180,55,258,588,425,473,106,23767
"2017|06",358,93,695,298,2302,355,145,45,25,1314,635,71,124,425,1023,335,291,432,302,62,221,539,556,642,236,556,204,223,242,89,268,135,817,430,83,997,385,340,928,109,262,75,552,1584,175,71,194,483,358,404,105,21593
"2017|07",304,121,636,292,2355,429,142,41,25,1452,714,103,124,437,1075,347,293,489,288,72,226,475,570,662,253,502,228,201,273,90,291,131,802,461,91,1021,437,360,974,89,326,101,619,1621,182,59,212,480,369,443,94,22382
"2017|08",420,108,801,337,2502,413,206,35,29,1509,820,94,108,467,1230,371,328,503,353,80,198,503,602,677,281,634,220,241,343,69,294,146,874,497,81,1084,476,370,1014,128,339,135,710,1686,237,79,265,461,506,429,114,24407
"2017|09",342,100,771,313,2550,376,172,45,28,1226,694,113,91,486,1123,340,396,558,333,68,197,506,616,593,305,640,198,238,265,78,346,179,859,443,125,1078,421,330,948,155,358,123,572,1712,192,89,204,552,511,413,101,23472
"2017|10",338,102,742,351,2514,382,185,45,35,1438,765,109,108,443,1078,453,408,556,366,60,215,552,614,613,280,645,202,199,227,82,375,184,837,394,109,1138,388,331,954,139,405,120,596,1884,191,86,262,518,480,454,98,24050
"2017|11",330,88,769,234,2244,354,123,33,8,1350,651,108,111,418,882,349,319,505,260,79,237,467,522,532,221,520,185,150,262,80,309,136,739,384,92,970,359,298,910,118,300,106,588,1601,161,77,236,437,425,374,91,21102
"2017|12",283,97,707,251,2006,367,129,41,29,1236,706,99,105,445,870,364,294,460,261,66,183,441,512,580,186,577,151,155,245,75,279,112,709,355,89,948,346,338,780,98,219,95,541,1421,154,74,240,405,337,367,90,19918
"2018|01",292,96,788,265,2215,331,169,28,23,1331,694,104,119,505,843,331,350,511,268,57,236,517,531,621,206,570,178,166,244,63,289,116,702,361,104,1011,433,326,895,131,266,90,507,1512,162,77,249,452,417,383,116,21251
"2018|02",324,107,722,234,2144,342,176,44,22,1355,868,95,109,459,846,269,363,659,301,70,255,508,499,595,223,575,182,168,219,74,322,130,678,390,101,966,364,300,840,112,319,86,628,1481,142,80,269,475,426,424,82,21422
"2018|03",357,118,773,245,2424,357,181,37,30,1417,835,81,119,515,966,363,439,747,332,106,212,576,560,648,254,653,187,171,275,72,321,135,765,466,95,1105,351,340,912,105,426,115,673,1717,188,75,258,527,455,487,85,23651
"2018|04",363,128,797,222,2290,336,188,21,36,1341,658,109,142,524,869,397,374,656,330,87,218,496,556,602,250,653,214,170,303,79,303,125,715,408,92,1048,386,292,961,116,419,80,635,1730,168,96,203,497,425,444,102,22654
"2018|05",366,114,760,245,2295,357,194,35,27,1360,576,102,132,490,860,370,390,746,295,90,209,553,515,633,208,555,185,154,263,87,290,175,764,492,96,1025,411,289,962,92,420,113,608,1831,200,64,270,511,452,463,83,22777
"2018|06",303,115,708,238,2307,365,171,36,27,1304,513,92,112,389,771,347,290,598,288,95,171,452,444,513,160,550,204,116,247,86,252,169,764,425,80,1048,396,258,764,112,328,64,503,1565,137,73,233,446,417,397,91,20534
"2018|07",329,110,737,297,2278,376,203,34,21,1325,530,86,118,495,831,348,312,734,356,142,211,424,494,551,194,513,204,115,296,76,289,157,722,509,86,1081,390,276,841,110,346,82,550,1618,156,67,215,401,391,409,83,21519
"2018|08",456,133,783,273,2500,340,196,46,38,1514,685,106,111,536,865,372,412,756,331,119,153,443,523,546,270,653,228,177,293,72,270,150,751,484,103,1074,438,270,917,103,347,117,700,1759,185,59,245,508,470,466,79,23425
"2018|09",380,123,739,333,2496,390,191,34,42,1315,683,113,161,540,856,376,328,706,335,102,208,487,530,518,220,573,212,158,290,82,294,130,706,452,93,1087,447,279,879,101,358,100,638,1741,143,76,281,446,460,413,80,22725
"2018|10",390,120,786,221,2434,348,183,37,46,1301,524,121,115,519,769,357,319,600,256,79,176,508,533,539,214,573,195,215,236,85,296,138,777,478,87,1155,342,263,911,118,404,123,541,1751,184,60,243,517,408,422,89,22106
"2018|11",319,109,653,225,2059,287,207,17,35,1138,482,106,109,437,716,309,328,537,207,83,171,443,449,455,174,489,168,163,228,75,210,91,627,355,88,964,338,264,718,74,292,79,506,1356,156,62,183,436,353,337,76,18743
"2018|12",265,93,688,238,2095,321,161,14,33,1437,429,102,116,454,660,320,300,585,183,102,144,433,456,479,183,549,142,185,296,64,227,108,686,393,63,946,395,264,803,79,227,78,457,1245,147,64,217,437,373,377,87,19200
"2019|01",268,120,738,237,2289,351,155,29,35,1610,526,109,108,526,774,281,297,590,195,104,173,491,496,502,211,568,190,185,255,68,243,132,670,418,83,987,334,327,854,102,365,96,513,1476,175,51,255,413,471,393,103,20942
"2019|02",318,99,714,230,2322,321,130,22,35,1178,563,111,100,451,759,282,321,547,233,69,143,397,453,484,213,488,196,161,245,47,219,120,720,475,79,979,370,240,746,77,350,98,528,1519,152,49,207,379,398,336,89,19762
"2019|03",373,128,862,284,2487,319,219,21,31,1368,602,88,125,542,842,368,357,513,250,134,155,509,561,574,219,560,233,184,280,109,259,141,792,519,94,1119,392,326,898,89,356,119,673,1656,196,72,284,508,493,403,86,22772
"2019|04",316,151,836,297,2340,346,156,34,32,1273,561,105,99,594,817,305,436,525,228,105,155,396,481,544,172,678,234,187,272,66,208,129,712,508,73,1074,376,252,811,91,333,107,633,1590,184,77,180,471,433,376,106,21465
"2019|05",317,163,904,269,2387,334,172,25,41,1349,527,102,130,672,819,358,399,593,220,137,169,477,490,540,157,578,231,173,301,54,222,133,705,454,96,1054,360,265,816,125,368,79,659,1598,187,57,241,481,445,439,90,21962
"2019|06",316,113,731,228,2324,342,174,24,20,1240,526,74,97,545,733,263,330,488,239,115,165,417,431,488,165,509,129,181,265,80,196,114,721,461,86,1003,366,298,752,91,254,100,572,1401,166,49,221,448,345,345,73,19814
"2019|07",324,166,805,239,2469,322,168,30,19,1218,544,68,79,623,739,296,353,512,220,106,179,439,460,494,216,569,155,180,238,91,197,138,743,482,66,1035,397,252,801,88,256,121,588,1521,162,83,218,451,399,403,81,20803
"2019|08",410,132,980,290,2725,384,182,41,24,1342,622,146,140,689,823,357,369,605,259,105,142,476,465,547,243,679,164,189,318,76,202,115,647,467,83,1192,431,285,842,88,389,116,678,1614,171,58,224,415,463,402,96,22902
"2019|09",398,116,753,336,2576,324,157,24,12,1323,616,106,114,666,792,363,438,642,298,87,158,512,511,555,234,697,162,226,282,67,240,111,739,486,98,1157,443,331,856,93,403,111,606,1564,161,67,287,457,490,434,77,22756
"2019|10",367,126,738,274,2534,276,148,27,29,1360,475,123,81,660,706,293,352,580,291,99,185,512,472,484,154,653,146,196,237,76,227,73,646,462,94,1130,367,287,745,84,369,125,594,1388,180,48,253,490,444,418,88,21166
"2019|11",294,155,699,215,2217,258,136,24,25,1025,455,116,77,553,679,263,315,523,207,100,187,438,474,445,144,561,158,187,242,65,162,82,604,426,81,943,351,224,689,107,343,93,512,1255,135,57,212,403,392,347,104,18759
"2019|12",262,133,701,249,1968,256,142,19,12,940,446,76,80,559,664,218,266,415,199,89,131,431,336,423,112,545,166,154,271,79,167,100,602,369,84,931,291,230,588,70,267,84,495,1149,112,38,232,361,369,361,77,17319
"2020|01",313,115,768,278,2086,253,149,31,20,1154,468,119,105,655,851,236,297,523,237,97,170,516,439,463,159,608,192,183,275,71,181,109,656,458,72,950,360,233,730,91,307,101,599,1372,136,59,216,379,466,355,89,19750
"2020|02",302,133,720,270,2104,326,122,33,12,1196,474,71,118,671,849,241,261,590,259,92,171,447,457,450,175,591,163,194,264,69,168,122,667,489,97,1110,389,253,773,84,306,115,543,1317,162,49,267,380,442,376,81,20015
"2020|03",218,89,616,251,1947,229,81,20,8,1014,371,70,103,411,592,170,236,406,173,78,102,307,307,371,122,507,147,150,200,59,129,97,508,410,58,856,262,205,453,51,255,81,414,1136,143,39,154,339,317,272,53,15587
